<premiereleagueteam xmlns:xsi="http://www.w3.org/2001/XMLSchema-instance">
  <PremiereLeagueTeam>
    <TeamId>1</TeamId>
    <Name>Manchester United</Name>
    <City>Manchester</City>
    <Titles>20</Titles>
    <RunnersUp>15</RunnersUp>
    <LastYearWon>2012-13</LastYearWon>
  </PremiereLeagueTeam>
  <PremiereLeagueTeam>
    <TeamId>2</TeamId>
    <Name>Liverpool</Name>
    <City>Liverpool</City>
    <Titles>18</Titles>
    <RunnersUp>13</RunnersUp>
    <LastYearWon>1989-90</LastYearWon>
  </PremiereLeagueTeam>
  <PremiereLeagueTeam>
    <TeamId>3</TeamId>
    <Name>Arsenal</Name>
    <City>London</City>
    <Titles>13</Titles>
    <RunnersUp>9</RunnersUp>
    <LastYearWon>2003-04</LastYearWon>
  </PremiereLeagueTeam>
  <PremiereLeagueTeam>
    <TeamId>4</TeamId>
    <Name>Everton</Name>
    <City>Liverpool</City>
    <Titles>9</Titles>
    <RunnersUp>7</RunnersUp>
    <LastYearWon>1986-87</LastYearWon>
  </PremiereLeagueTeam>
  <PremiereLeagueTeam>
    <TeamId>5</TeamId>
    <Name>Aston Villa</Name>
    <City>Birmingham</City>
    <Titles>7</Titles>
    <RunnersUp>10</RunnersUp>
    <LastYearWon>1980-81</LastYearWon>
  </PremiereLeagueTeam>
</premiereleagueteam>